name,sequence 5'-3',Box,Tm,remarks
ncs-1p-seq-RV,GATTGGTTCACAACAGGCGGAG,Box 1 / A1; Box 1 / D7,59.1,
ida-1P(AVA)-seq-FW,CCAGTTCCAACACGTAAGCTCC,Box 1 / A2; Box 1 / A9,58.6,干粉
srh-142p-seq-RV,GGCCTTATATCGGAACTCGATC,Box 1 / A3; Box 1 / E2,56.1,"Tm conflict in source tables: 56.1, 54.9"
lin-26-seq-RV,GACGGGAATGGTAATTGAAGAGGTG,Box 1 / A4,57.7,this primer is weird since I don't think we use lin-26 for our research
nhx-2p-seq-RV,CTCCGCGTTGTTTCAAACTCTCTC,Box 1 / A5,58.4,标签标成FW
mec-3P(TRNS PVD FLP)-seq-FW,GCCACGCCTACATGACATCTG,Box 1 / A6,58.9,
sre-1p-seq-RV,CGATCCATCAGTCAGTGAGTTTC,Box 1 / A7,55.4,
trx-1p(ASJ)-seq-FW,GTTGAAGTGAATAGGGCGCATTAC,Box 1 / A8; Box 1 / D5,56.3,干粉
trx-1p(ASJ)-seq-RV,CTTGGCCTTCGTTCTTTACCAATC,Box 1 / A9; Box 1 / A8,58.2,
sra-6p-seq-RV,GGTCGTCAATGCTCGAATCAG,Box 1 / B1; Box 1 / E3,56.3,
sra-9p-seq-RV,CCGATGTGAAACCAGAAGGAGTG,Box 1 / B2; Box 1 / B6,58.2,
sra-9p-seq-FW,,Box 1 / B3,,can be used to sequence its downstream; sequence missing/unknown in source table
unc-17p-seq-RV,CTCTCCCAACTTTCTCCTCTCAAA,Box 1 / B4; Box 1 / A3,56.1,干粉
unc-47p-seq-RV,GCTATTTACCGATTTGCCGGG,Box 1 / B5; Box 1 / E5,56.7,
srd-23p-seq-FW,,Box 1 / B6,,can be used to sequence its downstream; sequence missing/unknown in source table
daf-16P-seq-RV,CTTTGAACAGGATGGGACTTTC,Box 1 / B7; Box 1 / D2,53.5,
odr-7P-seq-RV1,GACCACCAAAGTACAACAATGC,Box 1 / B8,53.0,Tm calculated
odr-7P-seq-RV2,GACCACCAAAGTACAACAATGC,Box 1 / B9,53.0,Tm calculated
flp-21p-seq-RV,GTAGGCAGCTCAACTTGTAGAAG,Box 1 / D1; Box 1 / D9,55.3,
ceh-36p(AWC)-seq-FW,CTCTTCTACCGTAACCCTCTTTGC,Box 1 / D2; Box 1 / D8,57.3,
npr-9p-seq-RV,GGTCCATCTCATCCAATTCCA,Box 1 / D3,52.4,Tm calculated
eft-3p-seq-FW,TTCTCTCTACCGTCCGCACTC,Box 1 / D5,56.3,Tm calculated
myo-3p-seq-FW,GCTTGTCAACCAGCTTCTTCTTCCAC,Box 1 / D6,59.5,Tm calculated
myo-3p-seq-RV,GTTCTAAAGTCAGCGGAGCG,Box 1 / D7,53.8,Tm calculated
ges-1p-seq-RV,GTTCGGTCCTTTCTTCTTCGG,Box 1 / D8; Box 1 / D1,55.9,
rgef-1p-seq-FW,CTCACCAGCTTCTCTTCTTCTTC,Box 1 / D9; Box 1 / B1,55.1,
gcy-5p-seq-FW1,GAATAGAGAAGTTTGATGCAGATACCA,Box 1 / E1,55.2,浓度: 20uM; Tm calculated
gcy-5p-seq-FW2,CAGTTGACATCGACCAAGGTCCG,Box 1 / E2,58.8,Tm calculated
gcy-5p-seq-FW3,GACATCGACCAAGGTCCGC,Box 1 / E3,55.4,Tm calculated
gcy-5p-seq-RV,GAAGTACATGCCACCCAAAC,Box 1 / E4; Box 1 / B3,54.0,
U6p-seq-FW,ACCTTAAAGGCGCACACTCTG,Box 1 / E5,54.4,Tm calculated
tax-4p-seq-FW,GCTGAAACTACTCAAAGATGGG,Box 1 / E6; Box 1 / D6,53.3,
gpa-4p-seq-RV,CGAATTTGCCGAACGACAGT,Box 1 / E7; Box 1 / E6,56.1,
gcy-7P-seq-RV,GTTTATCAGCAAGTGTGCCAGC,"Box 1 / E8, F8; Box 1 / A1",57.1,
osm-6p-seq-RV,CTACTCATCTTCGGGATCTCGTTC,Box 1 / E9; Box 1 / B8,56.7,
gcy-15p-seq-RV,GCGTCAACACCCACCATCAC,Box 1 / G1; Box 1 / B5,59.8,
osm-10p-seq-FW,GGGCGTGACTTGGTAGAAAGGT,Box 1 / G2,56.7,Tm calculated
unc-103ep-seq-FW,GTGTCACCTGGTATCGTCATCGCA,Box 1 / G3,59.1,大管浓度: 20uM; 小管浓度: 10uM; 一管干粉 (J3); Tm calculated
ser-2(2)p-seq-FW1,TGGCTTGCCATTCACACAGAC,Box 1 / G4,54.4,Tm calculated
ser-2(2)p-seq-FW2,CGCCGTCCTTATAGATCCTACGAT,Box 1 / G5,57.4,Tm calculated
flp-6p-seq-FW,CCTTCGCAGACGTATAGCTGAATC,Box 1 / G7,57.4,浓度: 20uM; Tm calculated
flp-6p-seq-RV1,GAACATCCCAACACTGATCCATCC,Box 1 / G8,57.4,Tm calculated
flp-6p-seq-RV2,GGTTATGTAAGCAGAAGTGACG,Box 1 / G9,53.0,Tm calculated
ttx-1p-seq-FW1,AATCTCTACAGCTCATCCCAGG,"Box 1 / H1, J1",54.8,Tm calculated
ttx-1p-seq-FW2,AATCTCTACAGCTCATCCCAGG,"Box 1 / H2, J2",54.8,Tm calculated
gcy8p-seq-FW,ACTATCGTGAGAAGCTGTAA,"Box 1 / H3, J3, J4; Box 1 / A2",49.6,干粉
ttx-3p-seq-FW1,CAGTGTTGTCTCTGCACATTTG,Box 1 / H4,53.0,Tm calculated
ttx-3p-seq-FW2,CGCAATATACCAACTTAACGTCC,Box 1 / H5,53.5,Tm calculated
seq_unc-119p_RV,CTTTGCTACCAGTTTGAACCTC,"Box 1 / H7, J7; Box 1 / B9, C9",53.7,
seq_ins-1p_RV1,TCAGGAGTTAGTCACGTCACAG,"Box 1 / H8, J8",54.8,Tm calculated
seq_ins-1p_RV2,GCAGCAAACAACAATCTGGAAGG,Box 1 / H9,55.3,Tm calculated
srtx-1p-seq-FW1,CTTCGGCATGGTACTTCAACT,Box 2 / A1,52.4,浓度: 100uM; Tm calculated
srtx-1p-seq-FW2,GAACATACCGCAGTGCCAG,Box 2 / A2,53.2,干粉; Tm calculated
Caspase3-seq-RV,CCATGGCTCAGAAGCAC,Box 2 / A9,49.5,Tm calculated
str-1p-seq-FW,AGGAAGGTTGGTTTGACTCTTGGCT,Box 2 / B1,57.7,Tm calculated
str-1p(AWB)-seq-FW,GGAAGGTTGGTTTGACTCTTGG,Box 2 / B2; Box 1 / G1,56.2,
str-2p(AWC)-seq-FW,GGTTGAAGGAACTCTGATTTGG,Box 2 / B3; Box 1 / E1,53.5,
str-3p(ASI)-seq-FW,GGCCAGCTTACATTAGCAAAGG,Box 2 / B4; Box 1 / D4,56.6,
str-3p(ASI)-seq-RV,GAAATCAAGCCACGATGGGCC,Box 2 / B5,56.3,Tm calculated
pDONR201-seq-FW,TCGCGTTAACGCTAGCATGGATCTC,Box 2 / B6,59.3,Tm calculated
pDONR201-seq-RV,GTAACATCAGAGATTTTGAGACAC,Box 2 / B7,52.3,Tm calculated
AgeI_mkate2_FW,ATTACCGGTATGGTGAGCGAGCTG,Box 2 / B8,59.1,干粉; Tm calculated
NotI_mKate2_RV,ATTGCGGCCGCCTAATTAAGTTTGTGCCC,Box 2 / B9,62.9,干粉; Tm calculated
mTurquiose2-seq-RV,GTAACGGGCGAAGCATTGGAC,Box 2 / D1; Box 1 / E9,59.6,
YFP-seq-FW,GCGACGTAAACGGCCACAAG,Box 2 / D2; Box 1 / E3,60.1,
mscarlet-seq-RV,CCATACGAGGGAACCCAAACC,Box 2 / D3,56.3,干粉; Tm calculated
mCherry-seq-FW,TACCCTGAAGACGGTGCTCT,Box 2 / D4,53.8,Tm calculated
GCaMP6s-seq-FW,CTTTAAGTCGGCCATGCCAG,Box 2 / D7,53.8,Tm calculated
GCaMP6s-seq-RV,ACGAACTGCGTGTCCAGTC,Box 2 / D8,53.2,Tm calculated
GCaMP6s-seq-RV2,CTGCGTGTCCAGTCTTATTC,Box 2 / D9,51.8,Tm calculated
mNetune-seq-FW,GCACCCAGACCAACAGGATTAAG,Box 2 / E1,57.1,Tm calculated
mNetune-seq-RV,CAGGATGTCGAATGCGAAC,Box 2 / E2,51.1,Tm calculated
GFP-seq-FW,TTCTGTCAGTGGAGAGGGTG,"Box 2 / E5, F5",53.8,浓度: 100uM; Tm calculated
GFP-seq-RV1,GTGCCCATTAACATCACCATC,Box 2 / E6,52.4,浓度: 100uM; Tm calculated
GFP-seq-RV2,TTTCCGTATGTTGCATCACCTTC,"Box 2 / E7, F7; Box 1 / E2",55.3,大管浓度: 100uM; 小管浓度: 10uM
GFP-seq-RV3,CAAGTGTTGGCTGAAA,Box 2 / E8,40.8,Tm calculated
mGFP(no introns)-seq-RV,CGTCGCCGTCCAGCTCGACCA,Box 2 / E9,62.2,浓度: 20uM; Tm calculated
M13 FW,GTAAAACGACGGCCAGT,"Box 2 / G1, H1",47.1,大管浓度: 100uM; 小管浓度: 10uM; Tm calculated
M13 RV,CAGGAAACAGCTATGACCATG,"Box 2 / G2, H2; Box 1 / E1",53.3,"浓度: 100uM, 一管干粉 (H2); 干粉"
seq pMC10 RV1,GGACTTAGAAGTCAGAGGCAC,Box 2 / G3,54.4,浓度: 100uM; Tm calculated
seq pMC10 FW1,CCCGGGATTGGCCAAAGGAC,"Box 2 / G4, H4",57.9,大管浓度: 100uM; 小管浓度: 10uM; Tm calculated
seq pMC10 FW2,GATCCCCGGGATTGGCCAAAGGACCC,Box 2 / G5,65.8,浓度: 100uM; Tm calculated
seq pMC10 FW3,TGGATACGCTAACAACTTGG,Box 2 / G6,49.7,浓度: 10uM; Tm calculated
seq pMC10 FW4,AAGCTTGCATGCCTGCAGG,Box 2 / G7,53.2,浓度: 20uM; Tm calculated
seq pMC10 intron FW,GATACTAACATAACATAGAACAT,Box 2 / G8,46.4,浓度: 100uM; Tm calculated
intron-seq-RV,GGTACCCTCAAGGGTCCTCCTG,Box 2 / G9,60.4,Tm calculated
SL2-seq-RV,TCTACCGGTACAGCAGTTTCCC,Box 2 / H6,56.7,浓度: 100uM; Tm calculated
seq JS,TGACGCTGCAGGTCGACT,Box 2 / J1,52.6,浓度: 20uM; Tm calculated
egl-3cDNA-seq-RV,CGTGCATGAACAAGTGCTGG,Box 1 / A1,57.6,
rde-1cDNA-seq-FW,CTGGAATTGTGAACCCATCATC,Box 1 / A2,53.6,
R-CECO1-seq-RV,GTGTAGTCCTCGTTGTGGGACA,Box 1 / A3,59.2,
pkc-1-seq-RV,CATTAGTCTTGGGCCGAACTTGC,Box 1 / A4,58.9,
GFP-DAF-16a-seq-RV,GAAAGGGCAGATTGTGTGGACAG,Box 1 / A5,58.7,
eat-4cDNA-seq-RV,CTCTCCATGACACTAAGCTCA,Box 1 / A6,58.9,
unc-58-seq-RV,CAGCGGCCAATGGATCAACTT,Box 1 / A9,58.6,
cmk-1-seq-FW,TGGATCAGTGGAAATACGGCGTAC,Box 1 / B1,59.1,
crh-1-seq-RV,GCTGGATGGCAGAATCCGATTG,Box 1 / B5,59.1,
cmk-1cDNA-seq-RV,CTGCTTCTCGTCGTATGTATCGA,Box 1 / C1,56.1,
nCre-seq-RV,GAACCTCATCACTCGTTGCATCG,Box 1 / D1,58.5,
twk-18-seq-RV,CAGTTCGCCGGATGAGTTCAT,Box 1 / D2,57.7,
mNetune2.5-seq-FW,GCACCCAGACCAACAGGATTAAG,Box 1 / E4,58.3,
synthetic intron-seq-R,CATACCTTTGGGTCCTTTGGC,Box 1 / E5,56.5,
MC10-seq-FW,GCTATGACCATGATTACGCC,Box 1 / E6,53.4,
TIR1-seq-RV,GAGTTACGGTCCTTGTCGAG,Box 1 / E7,55.2,
ChR2-seq-FW,GGCGCGAGCTGCTATTTGTAAC,Box 1 / E8,59.5,
sid-1-seq-FW,CGTAGCCCGATCTCTCATTTCTTC,Box 1 / G7,57.4,
fat-7P-seq-RV,GTGGAAAGGGAATCCTGAAATGCAG,Box 1 / G8,58.4,
sid-1-seq-RV,GGTGTAGTTGAATTGTTCTGGG,Box 1 / H7,53.5,
fat-7-seq-FW,GGAAGGAGACAGCATTCATTG,Box 1 / H8,53.6,
ser-2(2)p-seq-FW,TGGCTTGCCATTCACACAGAC,Box 1 / B2,58.5,
str-3P-ASI-seq-RV,GAAATCAAGCCACGATGGGCC,Box 1 / B4,59.8,干粉
odr-7P-seq-RV,GACCACCAAAGTACAACAATGC,Box 1 / B7; Box 1 / D3,54.4,
flp-6P-seq-RV,GAACATCCCAACACTGATCCATCC,Box 1 / E4,58.0,
my0-3P-seq-RV,GTTCTAAAGTCAGCGGAGCG,Box 1 / E7,56.3,
ttx-3P-seq-FW,CAGTGTTGTCTCTGCACATTTG,Box 1 / E8,54.3,
ttx-1p-seq-F,AATCTCTACAGCTCATCCCAGG,Box 1 / E9/F9,56.1,
seq_ins-1p_RV,GCAGCAAACAACAATCTGGAAGG,Box 1 / H1,55.3,Tm calculated
seq_ins-1p_RV,TCAGGAGTTAGTCACGTCACAG,Box 1 / J1,54.8,Tm calculated
